CREATE DATABASE  IF NOT EXISTS `cs425-swe-202306-fairfieldlibrarydb` /*!40100 DEFAULT CHARACTER SET utf8mb4 COLLATE utf8mb4_0900_ai_ci */ /*!80016 DEFAULT ENCRYPTION='N' */;
USE `cs425-swe-202306-fairfieldlibrarydb`;
-- MySQL dump 10.13  Distrib 8.0.27, for Win64 (x86_64)
--
-- Host: localhost    Database: cs425-swe-202204-fairfieldlibrarydb
-- ------------------------------------------------------
-- Server version	8.0.27

/*!40101 SET @OLD_CHARACTER_SET_CLIENT=@@CHARACTER_SET_CLIENT */;
/*!40101 SET @OLD_CHARACTER_SET_RESULTS=@@CHARACTER_SET_RESULTS */;
/*!40101 SET @OLD_COLLATION_CONNECTION=@@COLLATION_CONNECTION */;
/*!50503 SET NAMES utf8 */;
/*!40103 SET @OLD_TIME_ZONE=@@TIME_ZONE */;
/*!40103 SET TIME_ZONE='+00:00' */;
/*!40014 SET @OLD_UNIQUE_CHECKS=@@UNIQUE_CHECKS, UNIQUE_CHECKS=0 */;
/*!40014 SET @OLD_FOREIGN_KEY_CHECKS=@@FOREIGN_KEY_CHECKS, FOREIGN_KEY_CHECKS=0 */;
/*!40101 SET @OLD_SQL_MODE=@@SQL_MODE, SQL_MODE='NO_AUTO_VALUE_ON_ZERO' */;
/*!40111 SET @OLD_SQL_NOTES=@@SQL_NOTES, SQL_NOTES=0 */;

--
-- Table structure for table `authors`
--

DROP TABLE IF EXISTS `authors`;
/*!40101 SET @saved_cs_client     = @@character_set_client */;
/*!50503 SET character_set_client = utf8mb4 */;
CREATE TABLE `authors` (
  `author_id` int NOT NULL AUTO_INCREMENT,
  `email` varchar(255) DEFAULT NULL,
  `first_name` varchar(255) DEFAULT NULL,
  `last_name` varchar(255) DEFAULT NULL,
  PRIMARY KEY (`author_id`)
) ENGINE=InnoDB DEFAULT CHARSET=utf8mb4 COLLATE=utf8mb4_0900_ai_ci;
/*!40101 SET character_set_client = @saved_cs_client */;

--
-- Dumping data for table `authors`
--

LOCK TABLES `authors` WRITE;
/*!40000 ALTER TABLE `authors` DISABLE KEYS */;
/*!40000 ALTER TABLE `authors` ENABLE KEYS */;
UNLOCK TABLES;

--
-- Table structure for table `books`
--

DROP TABLE IF EXISTS `books`;
/*!40101 SET @saved_cs_client     = @@character_set_client */;
/*!50503 SET character_set_client = utf8mb4 */;
CREATE TABLE `books` (
  `book_id` int NOT NULL AUTO_INCREMENT,
  `date_published` date DEFAULT NULL,
  `isbn` varchar(255) NOT NULL,
  `number_of_copies_in_stock` int DEFAULT NULL,
  `currency_code` varchar(255) DEFAULT NULL,
  `price_amount` double DEFAULT NULL,
  `title` varchar(255) NOT NULL,
  `publisher_id` int DEFAULT NULL,
  PRIMARY KEY (`book_id`),
  UNIQUE KEY `UK_kibbepcitr0a3cpk3rfr7nihn` (`isbn`),
  KEY `FKayy5edfrqnegqj3882nce6qo8` (`publisher_id`),
  CONSTRAINT `FKayy5edfrqnegqj3882nce6qo8` FOREIGN KEY (`publisher_id`) REFERENCES `publishers` (`publisher_id`)
) ENGINE=InnoDB DEFAULT CHARSET=utf8mb4 COLLATE=utf8mb4_0900_ai_ci;
/*!40101 SET character_set_client = @saved_cs_client */;

--
-- Dumping data for table `books`
--

LOCK TABLES `books` WRITE;
/*!40000 ALTER TABLE `books` DISABLE KEYS */;
/*!40000 ALTER TABLE `books` ENABLE KEYS */;
UNLOCK TABLES;

--
-- Table structure for table `books_authors`
--

DROP TABLE IF EXISTS `books_authors`;
/*!40101 SET @saved_cs_client     = @@character_set_client */;
/*!50503 SET character_set_client = utf8mb4 */;
CREATE TABLE `books_authors` (
  `book_id` int NOT NULL,
  `author_id` int NOT NULL,
  KEY `FK3qua08pjd1ca1fe2x5cgohuu5` (`author_id`),
  KEY `FK1b933slgixbjdslgwu888m34v` (`book_id`),
  CONSTRAINT `FK1b933slgixbjdslgwu888m34v` FOREIGN KEY (`book_id`) REFERENCES `books` (`book_id`),
  CONSTRAINT `FK3qua08pjd1ca1fe2x5cgohuu5` FOREIGN KEY (`author_id`) REFERENCES `authors` (`author_id`)
) ENGINE=InnoDB DEFAULT CHARSET=utf8mb4 COLLATE=utf8mb4_0900_ai_ci;
/*!40101 SET character_set_client = @saved_cs_client */;

--
-- Dumping data for table `books_authors`
--

LOCK TABLES `books_authors` WRITE;
/*!40000 ALTER TABLE `books_authors` DISABLE KEYS */;
/*!40000 ALTER TABLE `books_authors` ENABLE KEYS */;
UNLOCK TABLES;

--
-- Table structure for table `primary_addresses`
--

DROP TABLE IF EXISTS `primary_addresses`;
/*!40101 SET @saved_cs_client     = @@character_set_client */;
/*!50503 SET character_set_client = utf8mb4 */;
CREATE TABLE `primary_addresses` (
  `addr_id` int NOT NULL AUTO_INCREMENT,
  `city` varchar(255) DEFAULT NULL,
  `state` varchar(255) DEFAULT NULL,
  `street` varchar(255) DEFAULT NULL,
  `zip_code` varchar(255) DEFAULT NULL,
  PRIMARY KEY (`addr_id`)
) ENGINE=InnoDB AUTO_INCREMENT=20 DEFAULT CHARSET=utf8mb4 COLLATE=utf8mb4_0900_ai_ci;
/*!40101 SET character_set_client = @saved_cs_client */;

--
-- Dumping data for table `primary_addresses`
--

LOCK TABLES `primary_addresses` WRITE;
/*!40000 ALTER TABLE `primary_addresses` DISABLE KEYS */;
INSERT INTO `primary_addresses` VALUES (1,'Phoenix','AZ','161 Wiley Boulevard','85020'),(2,'New York','NY','One New York Plaza, Suite 4600','10004-1562'),(3,'Raleigh','NC','1200 Corporation Road','23112-0001'),(5,'Manhattan','NY','1230, Avenue of the Americas, Rockefeller Center','10020-0098'),(6,'Westminster','MD','400 Bennett Cert Drive','21157'),(7,'Miami','FL','Suite 8A, The Galleria Plaza, Collins Avenue','71552'),(10,'Stuttgart','Germany','26 Gaensheidestrasse','70184'),(15,'Sebastopol','CA','1005 Gravenstein Highway North','95472'),(16,'New York','NY','121 Oakwood Boulevard','10023'),(17,'Fairfield','IA','1000 N 4th Street, Suite V12 Verrill Hall','52556');
/*!40000 ALTER TABLE `primary_addresses` ENABLE KEYS */;
UNLOCK TABLES;

--
-- Table structure for table `publishers`
--

DROP TABLE IF EXISTS `publishers`;
/*!40101 SET @saved_cs_client     = @@character_set_client */;
/*!50503 SET character_set_client = utf8mb4 */;
CREATE TABLE `publishers` (
  `publisher_id` int NOT NULL AUTO_INCREMENT,
  `name` varchar(255) NOT NULL,
  `primary_addr_id` int DEFAULT NULL,
  PRIMARY KEY (`publisher_id`),
  KEY `FKcld53th21rmi6kqp8c4ae32ki` (`primary_addr_id`),
  CONSTRAINT `FKcld53th21rmi6kqp8c4ae32ki` FOREIGN KEY (`primary_addr_id`) REFERENCES `primary_addresses` (`addr_id`)
) ENGINE=InnoDB AUTO_INCREMENT=19 DEFAULT CHARSET=utf8mb4 COLLATE=utf8mb4_0900_ai_ci;
/*!40101 SET character_set_client = @saved_cs_client */;

--
-- Dumping data for table `publishers`
--

LOCK TABLES `publishers` WRITE;
/*!40000 ALTER TABLE `publishers` DISABLE KEYS */;
INSERT INTO `publishers` VALUES (1,'John Wiley and Sons, Inc.',1),(2,'Apress, Incorporated',2),(3,'McGraw-Hill Publishers, LLC',3),(5,'Simon & Schuster, Inc.',5),(6,'Penguin Random House',6),(7,'Addison-Wesley, Incorporated',7),(9,'Holtzbrinck Publishing Group, GmbH',10),(13,'HarperCollins Publishers, Inc.',NULL),(14,'O\'reilly Media, Inc.',15),(15,'Pearsons, Inc.',16),(16,'MIU Press',17);
/*!40000 ALTER TABLE `publishers` ENABLE KEYS */;
UNLOCK TABLES;

--
-- Table structure for table `roles`
--

DROP TABLE IF EXISTS `roles`;
/*!40101 SET @saved_cs_client     = @@character_set_client */;
/*!50503 SET character_set_client = utf8mb4 */;
CREATE TABLE `roles` (
  `role_id` int NOT NULL AUTO_INCREMENT,
  `name` varchar(255) NOT NULL,
  PRIMARY KEY (`role_id`),
  UNIQUE KEY `UK_ofx66keruapi6vyqpv6f2or37` (`name`)
) ENGINE=InnoDB AUTO_INCREMENT=4 DEFAULT CHARSET=utf8mb4 COLLATE=utf8mb4_0900_ai_ci;
/*!40101 SET character_set_client = @saved_cs_client */;

--
-- Dumping data for table `roles`
--

LOCK TABLES `roles` WRITE;
/*!40000 ALTER TABLE `roles` DISABLE KEYS */;
INSERT INTO `roles` VALUES (1,'ROLE_ADMIN'),(3,'ROLE_LIBMEMBER'),(2,'ROLE_LIBRARIAN');
/*!40000 ALTER TABLE `roles` ENABLE KEYS */;
UNLOCK TABLES;

--
-- Table structure for table `users`
--

DROP TABLE IF EXISTS `users`;
/*!40101 SET @saved_cs_client     = @@character_set_client */;
/*!50503 SET character_set_client = utf8mb4 */;
CREATE TABLE `users` (
  `user_id` int NOT NULL AUTO_INCREMENT,
  `account_non_expired` bit(1) NOT NULL,
  `account_non_locked` bit(1) NOT NULL,
  `credentials_non_expired` bit(1) NOT NULL,
  `email` varchar(255) NOT NULL,
  `enabled` bit(1) NOT NULL,
  `first_name` varchar(255) NOT NULL,
  `last_name` varchar(255) NOT NULL,
  `middle_name` varchar(255) DEFAULT NULL,
  `password` varchar(255) NOT NULL,
  `username` varchar(255) NOT NULL,
  PRIMARY KEY (`user_id`),
  UNIQUE KEY `UK_6dotkott2kjsp8vw4d0m25fb7` (`email`),
  UNIQUE KEY `UK_r43af9ap4edm43mmtq01oddj6` (`username`)
) ENGINE=InnoDB AUTO_INCREMENT=2 DEFAULT CHARSET=utf8mb4 COLLATE=utf8mb4_0900_ai_ci;
/*!40101 SET character_set_client = @saved_cs_client */;

--
-- Dumping data for table `users`
--

LOCK TABLES `users` WRITE;
/*!40000 ALTER TABLE `users` DISABLE KEYS */;
INSERT INTO `users` VALUES (1,_binary '',_binary '',_binary '','ana.admin@fairfieldlibrary.com',_binary '','Ana','Smith','Admin','$2a$10$mFK9vsvFvZCnbojzH8C7dO3t0s1/Z5htcfB/x7lrP4bNGmHk1yTui','ana.admin@fairfieldlibrary.com');
/*!40000 ALTER TABLE `users` ENABLE KEYS */;
UNLOCK TABLES;

--
-- Table structure for table `users_roles`
--

DROP TABLE IF EXISTS `users_roles`;
/*!40101 SET @saved_cs_client     = @@character_set_client */;
/*!50503 SET character_set_client = utf8mb4 */;
CREATE TABLE `users_roles` (
  `user_id` int NOT NULL,
  `role_id` int NOT NULL,
  KEY `FKj6m8fwv7oqv74fcehir1a9ffy` (`role_id`),
  KEY `FK2o0jvgh89lemvvo17cbqvdxaa` (`user_id`),
  CONSTRAINT `FK2o0jvgh89lemvvo17cbqvdxaa` FOREIGN KEY (`user_id`) REFERENCES `users` (`user_id`),
  CONSTRAINT `FKj6m8fwv7oqv74fcehir1a9ffy` FOREIGN KEY (`role_id`) REFERENCES `roles` (`role_id`)
) ENGINE=InnoDB DEFAULT CHARSET=utf8mb4 COLLATE=utf8mb4_0900_ai_ci;
/*!40101 SET character_set_client = @saved_cs_client */;

--
-- Dumping data for table `users_roles`
--

LOCK TABLES `users_roles` WRITE;
/*!40000 ALTER TABLE `users_roles` DISABLE KEYS */;
INSERT INTO `users_roles` VALUES (1,1),(1,2),(1,3);
/*!40000 ALTER TABLE `users_roles` ENABLE KEYS */;
UNLOCK TABLES;
/*!40103 SET TIME_ZONE=@OLD_TIME_ZONE */;

/*!40101 SET SQL_MODE=@OLD_SQL_MODE */;
/*!40014 SET FOREIGN_KEY_CHECKS=@OLD_FOREIGN_KEY_CHECKS */;
/*!40014 SET UNIQUE_CHECKS=@OLD_UNIQUE_CHECKS */;
/*!40101 SET CHARACTER_SET_CLIENT=@OLD_CHARACTER_SET_CLIENT */;
/*!40101 SET CHARACTER_SET_RESULTS=@OLD_CHARACTER_SET_RESULTS */;
/*!40101 SET COLLATION_CONNECTION=@OLD_COLLATION_CONNECTION */;
/*!40111 SET SQL_NOTES=@OLD_SQL_NOTES */;

-- Dump completed on 2023-06-16 14:32:58
